{"cameraMode":{"drawMode":0,"name":"Shaded","section":"Shading Mode"},"sceneLighting":false,"audioPlay":false,"sceneViewState":{"showFog":true,"showMaterialUpdate":false,"showSkybox":true,"showFlares":true,"showImageEffects":true,"showParticleSystems":true},"in2DMode":false,"pivot":{"x":-7.051900386810303,"y":4.302667140960693,"z":-0.1588013470172882},"rotation":{"x":0.0030027623288333418,"y":0.9969806671142578,"z":-0.057786982506513599,"w":0.05178101733326912},"size":1.9123375415802003,"orthographic":false}