{"cameraMode":{"drawMode":0,"name":"Shaded","section":"Shading Mode"},"sceneLighting":false,"audioPlay":false,"sceneViewState":{"showFog":true,"showMaterialUpdate":false,"showSkybox":true,"showFlares":true,"showImageEffects":true,"showParticleSystems":true},"in2DMode":false,"pivot":{"x":13.047731399536133,"y":19.055620193481447,"z":-13.491426467895508},"rotation":{"x":0.04185531660914421,"y":-0.27080538868904116,"z":0.011788411065936089,"w":0.9616515040397644},"size":22.0,"orthographic":false}