{"cameraMode":{"drawMode":0,"name":"Shaded","section":"Shading Mode"},"sceneLighting":false,"audioPlay":false,"sceneViewState":{"showFog":true,"showMaterialUpdate":false,"showSkybox":true,"showFlares":true,"showImageEffects":true,"showParticleSystems":true},"in2DMode":false,"pivot":{"x":-8.987112045288086,"y":3.5963847637176515,"z":0.002024233341217041},"rotation":{"x":0.13509152829647065,"y":-0.8340746760368347,"z":0.23433244228363038,"w":0.48078903555870058},"size":0.8459915518760681,"orthographic":false}