{"cameraMode":{"drawMode":0,"name":"Shaded","section":"Shading Mode"},"sceneLighting":false,"audioPlay":false,"sceneViewState":{"showFog":true,"showMaterialUpdate":false,"showSkybox":true,"showFlares":true,"showImageEffects":true,"showParticleSystems":true},"in2DMode":false,"pivot":{"x":1.143757700920105,"y":1.5571762323379517,"z":-0.1842518448829651},"rotation":{"x":0.06439049541950226,"y":-0.04337805137038231,"z":0.0027898189146071674,"w":0.996977686882019},"size":5.8642988204956059,"orthographic":false}