{"cameraMode":{"drawMode":0,"name":"Shaded","section":"Shading Mode"},"sceneLighting":false,"audioPlay":false,"sceneViewState":{"showFog":true,"showMaterialUpdate":false,"showSkybox":true,"showFlares":true,"showImageEffects":true,"showParticleSystems":true},"in2DMode":false,"pivot":{"x":-4.021091461181641,"y":1.2023180723190308,"z":-0.07322589308023453},"rotation":{"x":0.051254767924547198,"y":-0.028154509142041208,"z":0.0014467426808550954,"w":0.9982876777648926},"size":2.807776927947998,"orthographic":false}