{"cameraMode":{"drawMode":0,"name":"Shaded","section":"Shading Mode"},"sceneLighting":false,"audioPlay":false,"sceneViewState":{"showFog":true,"showMaterialUpdate":false,"showSkybox":true,"showFlares":true,"showImageEffects":true,"showParticleSystems":true},"in2DMode":false,"pivot":{"x":-7.2971086502075199,"y":3.0740270614624025,"z":0.23521164059638978},"rotation":{"x":0.028194988146424295,"y":0.015880629420280458,"z":0.0004469321283977479,"w":-0.9994762539863586},"size":1.8843088150024415,"orthographic":false}