{"cameraMode":{"drawMode":0,"name":"Shaded","section":"Shading Mode"},"sceneLighting":false,"audioPlay":false,"sceneViewState":{"showFog":true,"showMaterialUpdate":false,"showSkybox":true,"showFlares":true,"showImageEffects":true,"showParticleSystems":true},"in2DMode":false,"pivot":{"x":-0.6000000834465027,"y":4.199999809265137,"z":-9.462237358093262e-7},"rotation":{"x":0.13509152829647065,"y":-0.8340746760368347,"z":0.23433244228363038,"w":0.48078903555870058},"size":0.8247693181037903,"orthographic":false}