{"cameraMode":{"drawMode":0,"name":"Shaded","section":"Shading Mode"},"sceneLighting":false,"audioPlay":false,"sceneViewState":{"showFog":true,"showMaterialUpdate":false,"showSkybox":true,"showFlares":true,"showImageEffects":true,"showParticleSystems":true},"in2DMode":false,"pivot":{"x":1.2690562009811402,"y":0.15845200419425965,"z":-0.07299908250570297},"rotation":{"x":0.0976189598441124,"y":-0.8892479538917542,"z":0.22468647360801698,"w":0.3862961530685425},"size":2.4075071811676027,"orthographic":false}