{"cameraMode":{"drawMode":0,"name":"Shaded","section":"Shading Mode"},"sceneLighting":false,"audioPlay":false,"sceneViewState":{"showFog":true,"showMaterialUpdate":false,"showSkybox":true,"showFlares":true,"showImageEffects":true,"showParticleSystems":true},"in2DMode":false,"pivot":{"x":-10.200870513916016,"y":0.5999999642372131,"z":1.4901161193847657e-8},"rotation":{"x":0.24367490410804749,"y":0.7107736468315125,"z":-0.29291224479675295,"w":0.5912917256355286},"size":0.9868873357772827,"orthographic":false}