{"cameraMode":{"drawMode":0,"name":"Shaded","section":"Shading Mode"},"sceneLighting":false,"audioPlay":false,"sceneViewState":{"showFog":true,"showMaterialUpdate":false,"showSkybox":true,"showFlares":true,"showImageEffects":true,"showParticleSystems":true},"in2DMode":false,"pivot":{"x":-10.294370651245118,"y":1.4124962091445923,"z":-0.14364655315876008},"rotation":{"x":0.033875565975904468,"y":-0.030273443087935449,"z":0.0010277752298861743,"w":0.9989669919013977},"size":2.7868874073028566,"orthographic":false}