{"cameraMode":{"drawMode":0,"name":"Shaded","section":"Shading Mode"},"sceneLighting":false,"audioPlay":false,"sceneViewState":{"showFog":true,"showMaterialUpdate":false,"showSkybox":true,"showFlares":true,"showImageEffects":true,"showParticleSystems":true},"in2DMode":false,"pivot":{"x":-7.199999809265137,"y":3.5999999046325685,"z":0.0},"rotation":{"x":0.24367490410804749,"y":0.7107736468315125,"z":-0.29291224479675295,"w":0.5912917256355286},"size":1.0123376846313477,"orthographic":false}