{"cameraMode":{"drawMode":0,"name":"Shaded","section":"Shading Mode"},"sceneLighting":false,"audioPlay":false,"sceneViewState":{"showFog":true,"showMaterialUpdate":false,"showSkybox":true,"showFlares":true,"showImageEffects":true,"showParticleSystems":true},"in2DMode":false,"pivot":{"x":-8.987112045288086,"y":3.5963847637176515,"z":0.002024233341217041},"rotation":{"x":0.09674307703971863,"y":-0.0038644783198833467,"z":0.00036362026003189385,"w":0.9953018426895142},"size":4.7459917068481449,"orthographic":false}