{"cameraMode":{"drawMode":0,"name":"Shaded","section":"Shading Mode"},"sceneLighting":false,"audioPlay":false,"sceneViewState":{"showFog":true,"showMaterialUpdate":false,"showSkybox":true,"showFlares":true,"showImageEffects":true,"showParticleSystems":true},"in2DMode":false,"pivot":{"x":-0.12376825511455536,"y":-0.0310373492538929,"z":0.008431953378021717},"rotation":{"x":-0.14668692648410798,"y":-0.07178143411874771,"z":0.010657474398612976,"w":-0.9865174889564514},"size":4.120314598083496,"orthographic":false}