{"cameraMode":{"drawMode":0,"name":"Shaded","section":"Shading Mode"},"sceneLighting":false,"audioPlay":false,"sceneViewState":{"showFog":true,"showMaterialUpdate":false,"showSkybox":true,"showFlares":true,"showImageEffects":true,"showParticleSystems":true},"in2DMode":false,"pivot":{"x":0.07906258851289749,"y":1.8184866905212403,"z":-0.06359373033046723},"rotation":{"x":0.011088523082435131,"y":-0.0395825169980526,"z":0.0004403160128276795,"w":0.9991546869277954},"size":2.734529972076416,"orthographic":false}