{"cameraMode":{"drawMode":0,"name":"Shaded","section":"Shading Mode"},"sceneLighting":false,"audioPlay":false,"sceneViewState":{"showFog":true,"showMaterialUpdate":false,"showSkybox":true,"showFlares":true,"showImageEffects":true,"showParticleSystems":true},"in2DMode":false,"pivot":{"x":0.05545467510819435,"y":0.1447775959968567,"z":0.49699991941452029},"rotation":{"x":0.24367490410804749,"y":0.7107736468315125,"z":-0.29291224479675295,"w":0.5912917256355286},"size":2.14094614982605,"orthographic":false}