{"cameraMode":{"drawMode":0,"name":"Shaded","section":"Shading Mode"},"sceneLighting":false,"audioPlay":false,"sceneViewState":{"showFog":true,"showMaterialUpdate":false,"showSkybox":true,"showFlares":true,"showImageEffects":true,"showParticleSystems":true},"in2DMode":false,"pivot":{"x":-6.652631759643555,"y":2.1758193969726564,"z":-0.16609153151512147},"rotation":{"x":0.006295338738709688,"y":-0.023992285132408143,"z":0.00015157008601818234,"w":0.9996923804283142},"size":2.062455892562866,"orthographic":false}