{"cameraMode":{"drawMode":0,"name":"Shaded","section":"Shading Mode"},"sceneLighting":false,"audioPlay":false,"sceneViewState":{"showFog":true,"showMaterialUpdate":false,"showSkybox":true,"showFlares":true,"showImageEffects":true,"showParticleSystems":true},"in2DMode":false,"pivot":{"x":-0.12355595827102661,"y":1.926592230796814,"z":0.1743457317352295},"rotation":{"x":-0.042805176228284839,"y":-0.7777599096298218,"z":0.05327926576137543,"w":-0.6248348355293274},"size":24.225141525268556,"orthographic":false}