{"cameraMode":{"drawMode":0,"name":"Shaded","section":"Shading Mode"},"sceneLighting":false,"audioPlay":false,"sceneViewState":{"showFog":true,"showMaterialUpdate":false,"showSkybox":true,"showFlares":true,"showImageEffects":true,"showParticleSystems":true},"in2DMode":false,"pivot":{"x":-8.390588760375977,"y":4.799999713897705,"z":1.4901161193847657e-8},"rotation":{"x":0.13509152829647065,"y":-0.8340746760368347,"z":0.23433244228363038,"w":0.48078903555870058},"size":1.753685712814331,"orthographic":false}