{"cameraMode":{"drawMode":0,"name":"Shaded","section":"Shading Mode"},"sceneLighting":false,"audioPlay":false,"sceneViewState":{"showFog":true,"showMaterialUpdate":false,"showSkybox":true,"showFlares":true,"showImageEffects":true,"showParticleSystems":true},"in2DMode":false,"pivot":{"x":2.9802322387695315e-8,"y":1.1999999284744263,"z":0.0},"rotation":{"x":0.24367490410804749,"y":0.7107736468315125,"z":-0.29291224479675295,"w":0.5912917256355286},"size":1.2345302104949952,"orthographic":false}