{"cameraMode":{"drawMode":0,"name":"Shaded","section":"Shading Mode"},"sceneLighting":false,"audioPlay":false,"sceneViewState":{"showFog":true,"showMaterialUpdate":false,"showSkybox":true,"showFlares":true,"showImageEffects":true,"showParticleSystems":true},"in2DMode":false,"pivot":{"x":-0.6000000834465027,"y":4.199999809265137,"z":-9.462237358093262e-7},"rotation":{"x":0.14133158326148988,"y":-0.03502018004655838,"z":0.004990764427930117,"w":0.9893301129341126},"size":4.424769401550293,"orthographic":false}