{"cameraMode":{"drawMode":0,"name":"Shaded","section":"Shading Mode"},"sceneLighting":false,"audioPlay":false,"sceneViewState":{"showFog":true,"showMaterialUpdate":false,"showSkybox":true,"showFlares":true,"showImageEffects":true,"showParticleSystems":true},"in2DMode":false,"pivot":{"x":0.7120000123977661,"y":0.1290000081062317,"z":-0.07300001382827759},"rotation":{"x":0.05869324505329132,"y":-0.8863775730133057,"z":0.11713548749685288,"w":0.44403740763664248},"size":2.0892999172210695,"orthographic":false}