{"cameraMode":{"drawMode":0,"name":"Shaded","section":"Shading Mode"},"sceneLighting":false,"audioPlay":false,"sceneViewState":{"showFog":true,"showMaterialUpdate":false,"showSkybox":true,"showFlares":true,"showImageEffects":true,"showParticleSystems":true},"in2DMode":false,"pivot":{"x":0.013453781604766846,"y":0.9100015163421631,"z":0.038011908531188968},"rotation":{"x":0.012000275775790215,"y":-0.0029779865872114898,"z":0.000047205376176862046,"w":-0.9999236464500427},"size":2.274862766265869,"orthographic":false}