{"cameraMode":{"drawMode":0,"name":"Shaded","section":"Shading Mode"},"sceneLighting":false,"audioPlay":false,"sceneViewState":{"showFog":true,"showMaterialUpdate":false,"showSkybox":true,"showFlares":true,"showImageEffects":true,"showParticleSystems":true},"in2DMode":false,"pivot":{"x":-8.390588760375977,"y":4.799999713897705,"z":1.4901161193847657e-8},"rotation":{"x":0.07731754332780838,"y":-0.003870480926707387,"z":0.00028820367879234254,"w":0.9969989657402039},"size":5.353686332702637,"orthographic":false}