{"cameraMode":{"drawMode":0,"name":"Shaded","section":"Shading Mode"},"sceneLighting":false,"audioPlay":false,"sceneViewState":{"showFog":true,"showMaterialUpdate":false,"showSkybox":true,"showFlares":true,"showImageEffects":true,"showParticleSystems":true},"in2DMode":false,"pivot":{"x":0.06229564547538757,"y":0.15670755505561829,"z":1.0709999799728394},"rotation":{"x":0.24367490410804749,"y":0.7107736468315125,"z":-0.29291224479675295,"w":0.5912917256355286},"size":0.9823029637336731,"orthographic":false}