{"cameraMode":{"drawMode":0,"name":"Shaded","section":"Shading Mode"},"sceneLighting":true,"audioPlay":false,"sceneViewState":{"showFog":true,"showMaterialUpdate":false,"showSkybox":true,"showFlares":true,"showImageEffects":true,"showParticleSystems":true},"in2DMode":false,"pivot":{"x":5.188992977142334,"y":-0.87089604139328,"z":34.99269104003906},"rotation":{"x":8.756884994909342e-7,"y":0.991882860660553,"z":-0.1271551549434662,"w":-7.839705062906432e-7},"size":13.175899505615235,"orthographic":false}