{"cameraMode":{"drawMode":0,"name":"Shaded","section":"Shading Mode"},"sceneLighting":false,"audioPlay":false,"sceneViewState":{"showFog":true,"showMaterialUpdate":false,"showSkybox":true,"showFlares":true,"showImageEffects":true,"showParticleSystems":true},"in2DMode":false,"pivot":{"x":0.04455298185348511,"y":0.5253575444221497,"z":0.17587314546108247},"rotation":{"x":-0.006099050398916006,"y":-0.9902039170265198,"z":0.04578913748264313,"w":-0.13176660239696504},"size":1.665987491607666,"orthographic":false}